{"cameraMode":{"drawMode":0,"name":"Shaded","section":"Shading Mode"},"sceneLighting":true,"audioPlay":false,"sceneViewState":{"m_AlwaysRefresh":false,"showFog":true,"showSkybox":true,"showFlares":true,"showImageEffects":true,"showParticleSystems":true,"showVisualEffectGraphs":true,"m_FxEnabled":true},"in2DMode":false,"pivot":{"x":3.8267264366149904,"y":6.82852029800415,"z":0.1868044137954712},"rotation":{"x":0.1542178839445114,"y":0.012158641591668129,"z":-0.0020150456111878158,"w":0.9882037043571472},"size":0.8432406783103943,"orthographic":false}